<?xml version="1.0" encoding="UTF-8"?>
<project-private xmlns="http://www.netbeans.org/ns/project-private/1">
    <editor-bookmarks xmlns="http://www.netbeans.org/ns/editor-bookmarks/2" lastBookmarkId="0"/>
    <open-files xmlns="http://www.netbeans.org/ns/projectui-open-files/2">
        <group>
            <file>file:/D:/MPLABXProjects/pic18f46k22_nrf24l01.X/nrf24_lib.h</file>
            <file>file:/D:/MPLABXProjects/pic18f46k22_nrf24l01.X/main.c</file>
            <file>file:/D:/MPLABXProjects/pic18f46k22_nrf24l01.X/mcc_generated_files/mcc.h</file>
            <file>file:/D:/MPLABXProjects/pic18f46k22_nrf24l01.X/nrf24_lib.c</file>
        </group>
    </open-files>
</project-private>
